Not Spam,"hello you have won 200 dollars price , messege now
"
Not Spam,"hello you have won 200 dollars price , messege now
"
Not Spam,hello 
Not Spam,spam
Not Spam,"Dear:Sir/Madam,
 
We ""( LLC INTELLGAS SOFT  COPERATE OFFER  SCO.pdf ) a direct mandate to  Kazakhstan Refinery"" and Titleholder company have JP54, D6, (virgin fuel and Oil) D2, Mazut, LNG , LPG,REBCO and other products, In CIF & FOB Rotterdam, Houston, Singapore, Ports. 
 
Our prices are nice, fair and constantly updated by with the world market price, we hope to hear from you soon, contact me through the contact below. llcintellgaz@mail.ru
 
 
Tell: +79267499780
Email: llcintellgaz@mail.ru 
Director: Leongardt Erik Yurie"
Not Spam,"We ""( LLC INTELLGAS SOFT  COPERATE OFFER  SCO.pdf ) a direct mandate to  Kazakhstan Refinery"" and Titleholder company have JP54, D6, (virgin fuel and Oil) D2, Mazut, LNG , LPG,REBCO and other products, In CIF & FOB Rotterdam, Houston, Singapore, Ports. 
 
Our prices are nice, fair and constantly updated by with the world market price, we hope to hear from you soon, contact me through the contact below. llcintellgaz@mail.ru
 
 
Tell: +79267499780
Email: llcintellgaz@mail.ru 
Director: Leongardt Erik Yurie"
Not Spam,"Dear:Sir/Madam,
 
We ""( LLC INTELLGAS SOFT  COPERATE OFFER  SCO.pdf ) a direct mandate to  Kazakhstan Refinery"" and Titleholder company have JP54, D6, (virgin fuel and Oil) D2, Mazut, LNG , LPG,REBCO and other products, In CIF & FOB Rotterdam, Houston, Singapore, Ports. 
 
Our prices are nice, fair and constantly updated by with the world market price, we hope to hear from you soon, contact me through the contact below. llcintellgaz@mail.ru
 
 
Tell: +79267499780
Email: llcintellgaz@mail.ru 
Director: Leongardt Erik Yurie"
Not Spam,Hello
Mugesh vaikundamani,Not Spam,Mugesh vaikundamani
